"file","issueId","status","reason","rule","category","title","author","date","preview","firstLines"
"G:\我的雲端硬碟\氣機導引\電子報新版網頁\各期電子報\202107\2107-1編輯小語.docx","202107","review","unsupported-legacy-structure",,,,,,,"System.Object[]"
"G:\我的雲端硬碟\氣機導引\電子報新版網頁\各期電子報\202107\Gmail\2107-00目錄.docx","202107","review","unsupported-legacy-structure",,,,,,,"System.Object[]"
"G:\我的雲端硬碟\氣機導引\電子報新版網頁\各期電子報\202107\Gmail\2107-5體證道德經.docx","202107","review","unsupported-legacy-structure",,,,,,,"System.Object[]"
"G:\我的雲端硬碟\氣機導引\電子報新版網頁\各期電子報\202107\Gmail\2107-5香之物語.docx","202107","review","unsupported-legacy-structure",,,,,,,"System.Object[]"
"G:\我的雲端硬碟\氣機導引\電子報新版網頁\各期電子報\202107\Gmail\2107-3-3洪于婷.docx","202107","review","unsupported-legacy-structure",,,,,,,"System.Object[]"
"G:\我的雲端硬碟\氣機導引\電子報新版網頁\各期電子報\202107\Gmail\2107-2-4林碧珠.docx","202107","review","unsupported-legacy-structure",,,,,,,"System.Object[]"
"G:\我的雲端硬碟\氣機導引\電子報新版網頁\各期電子報\202107\Gmail\2107-2-1洪明美.docx","202107","review","unsupported-legacy-structure",,,,,,,"System.Object[]"
"G:\我的雲端硬碟\氣機導引\電子報新版網頁\各期電子報\202107\Gmail\2107-4-2余安邦.docx","202107","review","unsupported-legacy-structure",,,,,,,"System.Object[]"
"G:\我的雲端硬碟\氣機導引\電子報新版網頁\各期電子報\202107\Gmail\2107-4-1導引香道.docx","202107","review","unsupported-legacy-structure",,,,,,,"System.Object[]"
"G:\我的雲端硬碟\氣機導引\電子報新版網頁\各期電子報\202107\Gmail\2107-3-2秋泓.docx","202107","review","unsupported-legacy-structure",,,,,,,"System.Object[]"
"G:\我的雲端硬碟\氣機導引\電子報新版網頁\各期電子報\202107\Gmail\2107-9身體書寫.docx","202107","review","unsupported-legacy-structure",,,,,,,"System.Object[]"
"G:\我的雲端硬碟\氣機導引\電子報新版網頁\各期電子報\202107\Gmail\2107-6圖靈集.docx","202107","review","unsupported-legacy-structure",,,,,,,"System.Object[]"
"G:\我的雲端硬碟\氣機導引\電子報新版網頁\各期電子報\202107\Gmail\2107-2-2陳盈靜.docx","202107","review","unsupported-legacy-structure",,,,,,,"System.Object[]"
"G:\我的雲端硬碟\氣機導引\電子報新版網頁\各期電子報\202107\Gmail\2107-2-3蕭瑞玲.docx","202107","review","unsupported-legacy-structure",,,,,,,"System.Object[]"
"G:\我的雲端硬碟\氣機導引\電子報新版網頁\各期電子報\202107\Gmail\2107-8心田集.docx","202107","review","unsupported-legacy-structure",,,,,,,"System.Object[]"
"G:\我的雲端硬碟\氣機導引\電子報新版網頁\各期電子報\202107\Gmail\2107-3-1林沅錚.docx","202107","review","unsupported-legacy-structure",,,,,,,"System.Object[]"
"G:\我的雲端硬碟\氣機導引\電子報新版網頁\各期電子報\202107\Gmail\2107-4-3周小昱.docx","202107","review","unsupported-legacy-structure",,,,,,,"System.Object[]"
"G:\我的雲端硬碟\氣機導引\電子報新版網頁\各期電子報\202108\王亞玲＿活色生香  愛慾金瓶梅.docx","202108","review","unsupported-legacy-structure",,,,,,,"System.Object[]"
"G:\我的雲端硬碟\氣機導引\電子報新版網頁\各期電子報\202108\Gmail\2108-7身體書寫.docx","202108","review","unsupported-legacy-structure",,,,,,,"System.Object[]"
"G:\我的雲端硬碟\氣機導引\電子報新版網頁\各期電子報\202108\Gmail\2108-4圖靈集.docx","202108","review","unsupported-legacy-structure",,,,,,,"System.Object[]"
"G:\我的雲端硬碟\氣機導引\電子報新版網頁\各期電子報\202108\Gmail\2108-3體證道德經.docx","202108","review","unsupported-legacy-structure",,,,,,,"System.Object[]"
"G:\我的雲端硬碟\氣機導引\電子報新版網頁\各期電子報\202108\Gmail\2108-5心田集.docx","202108","review","unsupported-legacy-structure",,,,,,,"System.Object[]"
"G:\我的雲端硬碟\氣機導引\電子報新版網頁\各期電子報\202108\Gmail\2108-6香之物語＿修正.docx","202108","review","unsupported-legacy-structure",,,,,,,"System.Object[]"
"G:\我的雲端硬碟\氣機導引\電子報新版網頁\各期電子報\202108\Gmail\2108-00目錄.docx","202108","review","unsupported-legacy-structure",,,,,,,"System.Object[]"
"G:\我的雲端硬碟\氣機導引\電子報新版網頁\各期電子報\202108\Gmail\2108-1編輯小語.docx","202108","review","unsupported-legacy-structure",,,,,,,"System.Object[]"
"G:\我的雲端硬碟\氣機導引\電子報新版網頁\各期電子報\202108\Gmail\2108-2導引香道.docx","202108","review","unsupported-legacy-structure",,,,,,,"System.Object[]"
"G:\我的雲端硬碟\氣機導引\電子報新版網頁\各期電子報\202108\Gmail\2108-6香之物語.docx","202108","review","unsupported-legacy-structure",,,,,,,"System.Object[]"
"G:\我的雲端硬碟\氣機導引\電子報新版網頁\各期電子報\202109\2109-1編輯小語.docx","202109","review","unsupported-legacy-structure",,,,,,,"System.Object[]"
"G:\我的雲端硬碟\氣機導引\電子報新版網頁\各期電子報\202109\2109-4圖靈集.docx","202109","review","unsupported-legacy-structure",,,,,,,"System.Object[]"
"G:\我的雲端硬碟\氣機導引\電子報新版網頁\各期電子報\202109\2109-2導引香道.docx","202109","review","unsupported-legacy-structure",,,,,,,"System.Object[]"
"G:\我的雲端硬碟\氣機導引\電子報新版網頁\各期電子報\202109\2109-6沉香物語.docx","202109","review","unsupported-legacy-structure",,,,,,,"System.Object[]"
"G:\我的雲端硬碟\氣機導引\電子報新版網頁\各期電子報\202109\2109-7身體書寫.docx","202109","review","unsupported-legacy-structure",,,,,,,"System.Object[]"
"G:\我的雲端硬碟\氣機導引\電子報新版網頁\各期電子報\202109\2109-5心田集.docx","202109","review","unsupported-legacy-structure",,,,,,,"System.Object[]"
"G:\我的雲端硬碟\氣機導引\電子報新版網頁\各期電子報\202109\2109-00目錄.docx","202109","review","unsupported-legacy-structure",,,,,,,"System.Object[]"
"G:\我的雲端硬碟\氣機導引\電子報新版網頁\各期電子報\202109\2109-3體證道德經.docx","202109","review","unsupported-legacy-structure",,,,,,,"System.Object[]"
"G:\我的雲端硬碟\氣機導引\電子報新版網頁\各期電子報\202109\雲霞滿紙  金瓶梅香觀.docx","202109","review","unsupported-legacy-structure",,,,,,,"System.Object[]"
"G:\我的雲端硬碟\氣機導引\電子報新版網頁\各期電子報\202110\2110-9張可士.docx","202110","skipped","already-standard",,,,,,,
"G:\我的雲端硬碟\氣機導引\電子報新版網頁\各期電子報\202110\2110-15心田集.docx","202110","review","unsupported-legacy-structure",,,,,,,"System.Object[]"
"G:\我的雲端硬碟\氣機導引\電子報新版網頁\各期電子報\202110\2110-13導引香道.docx","202110","review","unsupported-legacy-structure",,,,,,,"System.Object[]"
"G:\我的雲端硬碟\氣機導引\電子報新版網頁\各期電子報\202110\2110-12冷莉萍.docx","202110","skipped","already-standard",,,,,,,
"G:\我的雲端硬碟\氣機導引\電子報新版網頁\各期電子報\202110\2110-10蔡淑貞.docx","202110","skipped","already-standard",,,,,,,
"G:\我的雲端硬碟\氣機導引\電子報新版網頁\各期電子報\202110\2110-14見素抱樸.docx","202110","review","unsupported-legacy-structure",,,,,,,"System.Object[]"
"G:\我的雲端硬碟\氣機導引\電子報新版網頁\各期電子報\202110\2110-2洪淑敏.docx","202110","skipped","already-standard",,,,,,,
"G:\我的雲端硬碟\氣機導引\電子報新版網頁\各期電子報\202110\2110-4林芬蓉.docx","202110","skipped","already-standard",,,,,,,
"G:\我的雲端硬碟\氣機導引\電子報新版網頁\各期電子報\202110\2110-3張詒鵬.docx","202110","skipped","already-standard",,,,,,,
"G:\我的雲端硬碟\氣機導引\電子報新版網頁\各期電子報\202110\2110-11洪淑絹.docx","202110","skipped","already-standard",,,,,,,
"G:\我的雲端硬碟\氣機導引\電子報新版網頁\各期電子報\202110\2110-8林玲雅.docx","202110","skipped","already-standard",,,,,,,
"G:\我的雲端硬碟\氣機導引\電子報新版網頁\各期電子報\202110\2110-6蕭怡萍.docx","202110","skipped","already-standard",,,,,,,
"G:\我的雲端硬碟\氣機導引\電子報新版網頁\各期電子報\202110\2110-5樹姍.docx","202110","skipped","already-standard",,,,,,,
"G:\我的雲端硬碟\氣機導引\電子報新版網頁\各期電子報\202110\2110-7如璧.docx","202110","skipped","already-standard",,,,,,,
"G:\我的雲端硬碟\氣機導引\電子報新版網頁\各期電子報\202110\Gmail\2110-1編輯小語.docx","202110","review","unsupported-legacy-structure",,,,,,,"System.Object[]"
"G:\我的雲端硬碟\氣機導引\電子報新版網頁\各期電子報\202110\Gmail\2110-13余安邦.docx","202110","review","unsupported-legacy-structure",,,,,,,"System.Object[]"
"G:\我的雲端硬碟\氣機導引\電子報新版網頁\各期電子報\202110\Gmail\2110-00目錄.docx","202110","review","unsupported-legacy-structure",,,,,,,"System.Object[]"
"G:\我的雲端硬碟\氣機導引\電子報新版網頁\各期電子報\202111\道場還是戰場？【2021-11-07交稿的版本】.docx","202111","review","unsupported-legacy-structure",,,,,,,"System.Object[]"
"G:\我的雲端硬碟\氣機導引\電子報新版網頁\各期電子報\202111\2111-8暐婷.docx","202111","review","unsupported-legacy-structure",,,,,,,"System.Object[]"
"G:\我的雲端硬碟\氣機導引\電子報新版網頁\各期電子報\202111\2111-10賴鈺晶.docx","202111","review","unsupported-legacy-structure",,,,,,,"System.Object[]"
"G:\我的雲端硬碟\氣機導引\電子報新版網頁\各期電子報\202111\2111-13香之物語.docx","202111","review","unsupported-legacy-structure",,,,,,,"System.Object[]"
"G:\我的雲端硬碟\氣機導引\電子報新版網頁\各期電子報\202111\2111-3蔡育展.docx","202111","review","unsupported-legacy-structure",,,,,,,"System.Object[]"
"G:\我的雲端硬碟\氣機導引\電子報新版網頁\各期電子報\202111\2111-5夙君.docx","202111","review","unsupported-legacy-structure",,,,,,,"System.Object[]"
"G:\我的雲端硬碟\氣機導引\電子報新版網頁\各期電子報\202111\2111-1編輯小語.docx","202111","review","unsupported-legacy-structure",,,,,,,"System.Object[]"
"G:\我的雲端硬碟\氣機導引\電子報新版網頁\各期電子報\202111\2111-00目錄.docx","202111","review","unsupported-legacy-structure",,,,,,,"System.Object[]"
"G:\我的雲端硬碟\氣機導引\電子報新版網頁\各期電子報\202111\2111-4鍾宛真.docx","202111","review","unsupported-legacy-structure",,,,,,,"System.Object[]"
"G:\我的雲端硬碟\氣機導引\電子報新版網頁\各期電子報\202111\2111-9賴碧蘭.docx","202111","review","unsupported-legacy-structure",,,,,,,"System.Object[]"
"G:\我的雲端硬碟\氣機導引\電子報新版網頁\各期電子報\202111\2111-2又一里程碑 .docx","202111","review","unsupported-legacy-structure",,,,,,,"System.Object[]"
"G:\我的雲端硬碟\氣機導引\電子報新版網頁\各期電子報\202111\2111-6雅靜.docx","202111","review","unsupported-legacy-structure",,,,,,,"System.Object[]"
"G:\我的雲端硬碟\氣機導引\電子報新版網頁\各期電子報\202111\2111-7張可士.docx","202111","review","unsupported-legacy-structure",,,,,,,"System.Object[]"
"G:\我的雲端硬碟\氣機導引\電子報新版網頁\各期電子報\202111\2111-14身體書寫.docx","202111","review","unsupported-legacy-structure",,,,,,,"System.Object[]"
"G:\我的雲端硬碟\氣機導引\電子報新版網頁\各期電子報\202111\2111-12圖靈集.docx","202111","review","unsupported-legacy-structure",,,,,,,"System.Object[]"
"G:\我的雲端硬碟\氣機導引\電子報新版網頁\各期電子報\202112\2112-8《就這些了！》週五晚班.docx","202112","review","unsupported-legacy-structure",,,,,,,"System.Object[]"
"G:\我的雲端硬碟\氣機導引\電子報新版網頁\各期電子報\202112\2112-00目錄.docx","202112","review","unsupported-legacy-structure",,,,,,,"System.Object[]"
"G:\我的雲端硬碟\氣機導引\電子報新版網頁\各期電子報\202112\2112-11台中二.docx","202112","review","unsupported-legacy-structure",,,,,,,"System.Object[]"
"G:\我的雲端硬碟\氣機導引\電子報新版網頁\各期電子報\202112\2112-14徵稿啟事.docx","202112","review","unsupported-legacy-structure",,,,,,,"System.Object[]"
"G:\我的雲端硬碟\氣機導引\電子報新版網頁\各期電子報\202112\2112-5二晚班.docx","202112","review","unsupported-legacy-structure",,,,,,,"System.Object[]"
"G:\我的雲端硬碟\氣機導引\電子報新版網頁\各期電子報\202112\2112-1編輯小語.docx","202112","review","unsupported-legacy-structure",,,,,,,"System.Object[]"
"G:\我的雲端硬碟\氣機導引\電子報新版網頁\各期電子報\202112\2112-3一晚班 .docx","202112","review","unsupported-legacy-structure",,,,,,,"System.Object[]"
"G:\我的雲端硬碟\氣機導引\電子報新版網頁\各期電子報\202112\2112-9六早班.docx","202112","review","unsupported-legacy-structure",,,,,,,"System.Object[]"
"G:\我的雲端硬碟\氣機導引\電子報新版網頁\各期電子報\202112\2112-13心田集.docx","202112","review","unsupported-legacy-structure",,,,,,,"System.Object[]"
"G:\我的雲端硬碟\氣機導引\電子報新版網頁\各期電子報\202112\2112-12范子計然.docx","202112","review","unsupported-legacy-structure",,,,,,,"System.Object[]"
"G:\我的雲端硬碟\氣機導引\電子報新版網頁\各期電子報\202112\2112-10台中一.docx","202112","review","unsupported-legacy-structure",,,,,,,"System.Object[]"
"G:\我的雲端硬碟\氣機導引\電子報新版網頁\各期電子報\202112\2112-12導引香道.docx","202112","review","unsupported-legacy-structure",,,,,,,"System.Object[]"
"G:\我的雲端硬碟\氣機導引\電子報新版網頁\各期電子報\202112\2112-4二早班.docx","202112","review","unsupported-legacy-structure",,,,,,,"System.Object[]"
"G:\我的雲端硬碟\氣機導引\電子報新版網頁\各期電子報\202112\202211\2211-8誠則明 明則誠.docx","202211","review","unsupported-legacy-structure",,,,,,,"System.Object[]"
"G:\我的雲端硬碟\氣機導引\電子報新版網頁\各期電子報\202112\202211\2211-6體證道德經.docx","202211","review","unsupported-legacy-structure",,,,,,,"System.Object[]"
"G:\我的雲端硬碟\氣機導引\電子報新版網頁\各期電子報\202112\202211\2211-9導引采風錄.docx","202211","review","unsupported-legacy-structure",,,,,,,"System.Object[]"
"G:\我的雲端硬碟\氣機導引\電子報新版網頁\各期電子報\202112\202211\2211-2夙君.docx","202211","review","unsupported-legacy-structure",,,,,,,"System.Object[]"
"G:\我的雲端硬碟\氣機導引\電子報新版網頁\各期電子報\202112\202211\2211-3練功筆記劉惠瑛.docx","202211","skipped","already-standard",,,,,,,
"G:\我的雲端硬碟\氣機導引\電子報新版網頁\各期電子報\202112\202211\2211-0目錄.docx","202211","review","unsupported-legacy-structure",,,,,,,"System.Object[]"
"G:\我的雲端硬碟\氣機導引\電子報新版網頁\各期電子報\202112\202211\2211-4嫻言絮語.docx","202211","review","unsupported-legacy-structure",,,,,,,"System.Object[]"
"G:\我的雲端硬碟\氣機導引\電子報新版網頁\各期電子報\202201\2201-1編輯小語.docx","202201","review","unsupported-legacy-structure",,,,,,,"System.Object[]"
"G:\我的雲端硬碟\氣機導引\電子報新版網頁\各期電子報\202201\Gmail\2201-4游夙君.docx","202201","skipped","already-standard",,,,,,,
"G:\我的雲端硬碟\氣機導引\電子報新版網頁\各期電子報\202201\Gmail\2201-9體證道德經.docx","202201","review","unsupported-legacy-structure",,,,,,,"System.Object[]"
"G:\我的雲端硬碟\氣機導引\電子報新版網頁\各期電子報\202201\Gmail\2201-10圖靈集_2201_1.docx","202201","review","unsupported-legacy-structure",,,,,,,"System.Object[]"
"G:\我的雲端硬碟\氣機導引\電子報新版網頁\各期電子報\202201\Gmail\2201-00目錄.docx","202201","review","unsupported-legacy-structure",,,,,,,"System.Object[]"
"G:\我的雲端硬碟\氣機導引\電子報新版網頁\各期電子報\202201\Gmail\2201-6呂一慈.docx","202201","skipped","already-standard",,,,,,,
"G:\我的雲端硬碟\氣機導引\電子報新版網頁\各期電子報\202201\Gmail\2201-8范家豪.docx","202201","skipped","already-standard",,,,,,,
"G:\我的雲端硬碟\氣機導引\電子報新版網頁\各期電子報\202201\Gmail\2201-2沈紅玫.docx","202201","skipped","already-standard",,,,,,,
"G:\我的雲端硬碟\氣機導引\電子報新版網頁\各期電子報\202201\Gmail\2201-3人生三問.docx","202201","skipped","already-standard",,,,,,,
"G:\我的雲端硬碟\氣機導引\電子報新版網頁\各期電子報\202201\Gmail\2201-7蔡淑貞.docx","202201","skipped","already-standard",,,,,,,
"G:\我的雲端硬碟\氣機導引\電子報新版網頁\各期電子報\202201\Gmail\2201-12股海人生逍遙遊.docx","202201","review","unsupported-legacy-structure",,,,,,,"System.Object[]"
"G:\我的雲端硬碟\氣機導引\電子報新版網頁\各期電子報\202201\Gmail\2201-10圖靈集_2201.docx","202201","review","unsupported-legacy-structure",,,,,,,"System.Object[]"
"G:\我的雲端硬碟\氣機導引\電子報新版網頁\各期電子報\202201\Gmail\2201-11香之物語.docx","202201","review","unsupported-legacy-structure",,,,,,,"System.Object[]"
"G:\我的雲端硬碟\氣機導引\電子報新版網頁\各期電子報\202201\Gmail\2201-5雪山坑教我的三件事.docx","202201","skipped","already-standard",,,,,,,
"G:\我的雲端硬碟\氣機導引\電子報新版網頁\各期電子報\202202\2202-1編輯小語.docx","202202","review","unsupported-legacy-structure",,,,,,,"System.Object[]"
"G:\我的雲端硬碟\氣機導引\電子報新版網頁\各期電子報\202202\2202-2疑義相與析・之一.docx","202202","skipped","already-standard",,,,,,,
"G:\我的雲端硬碟\氣機導引\電子報新版網頁\各期電子報\202202\2202-6沈紅玫.docx","202202","skipped","already-standard",,,,,,,
"G:\我的雲端硬碟\氣機導引\電子報新版網頁\各期電子報\202202\2202-7陳美伶.docx","202202","skipped","already-standard",,,,,,,
"G:\我的雲端硬碟\氣機導引\電子報新版網頁\各期電子報\202202\2202-3疑義相與析・之二.docx","202202","skipped","already-standard",,,,,,,
"G:\我的雲端硬碟\氣機導引\電子報新版網頁\各期電子報\202202\2202-4疑義相與析・之三.docx","202202","skipped","already-standard",,,,,,,
"G:\我的雲端硬碟\氣機導引\電子報新版網頁\各期電子報\202202\2202-00目錄.docx","202202","review","unsupported-legacy-structure",,,,,,,"System.Object[]"
"G:\我的雲端硬碟\氣機導引\電子報新版網頁\各期電子報\202202\2202-12有涯隨無涯殆已.docx","202202","review","unsupported-legacy-structure",,,,,,,"System.Object[]"
"G:\我的雲端硬碟\氣機導引\電子報新版網頁\各期電子報\202202\2202-10體證道德經_1.docx","202202","review","unsupported-legacy-structure",,,,,,,"System.Object[]"
"G:\我的雲端硬碟\氣機導引\電子報新版網頁\各期電子報\202202\2202-9眾香平等.docx","202202","review","unsupported-legacy-structure",,,,,,,"System.Object[]"
"G:\我的雲端硬碟\氣機導引\電子報新版網頁\各期電子報\202202\2202-8維度思考.docx","202202","skipped","already-standard",,,,,,,
"G:\我的雲端硬碟\氣機導引\電子報新版網頁\各期電子報\202202\2202-11心田集.docx","202202","review","unsupported-legacy-structure",,,,,,,"System.Object[]"
"G:\我的雲端硬碟\氣機導引\電子報新版網頁\各期電子報\202202\2202-10體證道德經.docx","202202","review","unsupported-legacy-structure",,,,,,,"System.Object[]"
"G:\我的雲端硬碟\氣機導引\電子報新版網頁\各期電子報\202202\2202-13身體書寫.docx","202202","review","unsupported-legacy-structure",,,,,,,"System.Object[]"
"G:\我的雲端硬碟\氣機導引\電子報新版網頁\各期電子報\202202\2202-5疑義相與析・之四.docx","202202","skipped","already-standard",,,,,,,
"G:\我的雲端硬碟\氣機導引\電子報新版網頁\各期電子報\202203\2203-8氣機人物一 James.docx","202203","review","unsupported-legacy-structure",,,,,,,"System.Object[]"
"G:\我的雲端硬碟\氣機導引\電子報新版網頁\各期電子報\202203\2203-7股海人生.docx","202203","review","unsupported-legacy-structure",,,,,,,"System.Object[]"
"G:\我的雲端硬碟\氣機導引\電子報新版網頁\各期電子報\202203\2203-3功夫熊貓.docx","202203","review","unsupported-legacy-structure",,,,,,,"System.Object[]"
"G:\我的雲端硬碟\氣機導引\電子報新版網頁\各期電子報\202203\2203-4導引香道.docx","202203","review","unsupported-legacy-structure",,,,,,,"System.Object[]"
"G:\我的雲端硬碟\氣機導引\電子報新版網頁\各期電子報\202203\2203-5體證道德經.docx","202203","review","unsupported-legacy-structure",,,,,,,"System.Object[]"
"G:\我的雲端硬碟\氣機導引\電子報新版網頁\各期電子報\202203\2203-2疑義相與析.docx","202203","review","unsupported-legacy-structure",,,,,,,"System.Object[]"
"G:\我的雲端硬碟\氣機導引\電子報新版網頁\各期電子報\202203\2203-00目錄.docx","202203","review","unsupported-legacy-structure",,,,,,,"System.Object[]"
"G:\我的雲端硬碟\氣機導引\電子報新版網頁\各期電子報\202203\2203-6圖靈集_2203.docx","202203","review","unsupported-legacy-structure",,,,,,,"System.Object[]"
"G:\我的雲端硬碟\氣機導引\電子報新版網頁\各期電子報\202204\2204-10股海人生.docx","202204","review","unsupported-legacy-structure",,,,,,,"System.Object[]"
"G:\我的雲端硬碟\氣機導引\電子報新版網頁\各期電子報\202204\2204-11導引采風錄.docx","202204","review","unsupported-legacy-structure",,,,,,,"System.Object[]"
"G:\我的雲端硬碟\氣機導引\電子報新版網頁\各期電子報\202204\2204-06導引香道.docx","202204","review","unsupported-legacy-structure",,,,,,,"System.Object[]"
"G:\我的雲端硬碟\氣機導引\電子報新版網頁\各期電子報\202204\2204-06五感香道.docx","202204","review","unsupported-legacy-structure",,,,,,,"System.Object[]"
"G:\我的雲端硬碟\氣機導引\電子報新版網頁\各期電子報\202204\2204-9心田集.docx","202204","review","unsupported-legacy-structure",,,,,,,"System.Object[]"
"G:\我的雲端硬碟\氣機導引\電子報新版網頁\各期電子報\202204\2204-08體證道德經.docx","202204","review","unsupported-legacy-structure",,,,,,,"System.Object[]"
"G:\我的雲端硬碟\氣機導引\電子報新版網頁\各期電子報\202204\2204-02疑義相與析.docx","202204","review","unsupported-legacy-structure",,,,,,,"System.Object[]"
"G:\我的雲端硬碟\氣機導引\電子報新版網頁\各期電子報\202204\2204-00目錄.docx","202204","review","unsupported-legacy-structure",,,,,,,"System.Object[]"
"G:\我的雲端硬碟\氣機導引\電子報新版網頁\各期電子報\202204\2204-01編輯小語.docx","202204","review","unsupported-legacy-structure",,,,,,,"System.Object[]"
"G:\我的雲端硬碟\氣機導引\電子報新版網頁\各期電子報\202204\2204-05練功筆記.docx","202204","skipped","already-standard",,,,,,,
"G:\我的雲端硬碟\氣機導引\電子報新版網頁\各期電子報\202204\2204-04練功筆記.docx","202204","skipped","already-standard",,,,,,,
"G:\我的雲端硬碟\氣機導引\電子報新版網頁\各期電子報\202204\2204-03疑義相與析.docx","202204","review","unsupported-legacy-structure",,,,,,,"System.Object[]"
"G:\我的雲端硬碟\氣機導引\電子報新版網頁\各期電子報\202205\2205-4練功筆記  .docx","202205","review","unsupported-legacy-structure",,,,,,,"System.Object[]"
"G:\我的雲端硬碟\氣機導引\電子報新版網頁\各期電子報\202205\2205-2群組討論.docx","202205","review","unsupported-legacy-structure",,,,,,,"System.Object[]"
"G:\我的雲端硬碟\氣機導引\電子報新版網頁\各期電子報\202205\2205-7圖靈集.docx","202205","review","unsupported-legacy-structure",,,,,,,"System.Object[]"
"G:\我的雲端硬碟\氣機導引\電子報新版網頁\各期電子報\202205\2205-1編輯小語.docx","202205","review","unsupported-legacy-structure",,,,,,,"System.Object[]"
"G:\我的雲端硬碟\氣機導引\電子報新版網頁\各期電子報\202205\2205-5識香.docx","202205","review","unsupported-legacy-structure",,,,,,,"System.Object[]"
"G:\我的雲端硬碟\氣機導引\電子報新版網頁\各期電子報\202205\2205-8觀行錄.docx","202205","review","unsupported-legacy-structure",,,,,,,"System.Object[]"
"G:\我的雲端硬碟\氣機導引\電子報新版網頁\各期電子報\202205\2205-3五晚.docx","202205","review","unsupported-legacy-structure",,,,,,,"System.Object[]"
"G:\我的雲端硬碟\氣機導引\電子報新版網頁\各期電子報\202205\2205-9貨、幣之戰.docx","202205","review","unsupported-legacy-structure",,,,,,,"System.Object[]"
"G:\我的雲端硬碟\氣機導引\電子報新版網頁\各期電子報\202205\2205-00目錄.docx","202205","review","unsupported-legacy-structure",,,,,,,"System.Object[]"
"G:\我的雲端硬碟\氣機導引\電子報新版網頁\各期電子報\202205\2205-10陳哲甯.docx","202205","review","unsupported-legacy-structure",,,,,,,"System.Object[]"
"G:\我的雲端硬碟\氣機導引\電子報新版網頁\各期電子報\202205\2205-4-1練功筆記.docx","202205","skipped","already-standard",,,,,,,
"G:\我的雲端硬碟\氣機導引\電子報新版網頁\各期電子報\202206\2206-8法於陰陽 和於術數.docx","202206","review","unsupported-legacy-structure",,,,,,,"System.Object[]"
"G:\我的雲端硬碟\氣機導引\電子報新版網頁\各期電子報\202206\2206-00目錄.docx","202206","review","unsupported-legacy-structure",,,,,,,"System.Object[]"
"G:\我的雲端硬碟\氣機導引\電子報新版網頁\各期電子報\202206\2206-9導引采風錄.docx","202206","review","unsupported-legacy-structure",,,,,,,"System.Object[]"
"G:\我的雲端硬碟\氣機導引\電子報新版網頁\各期電子報\202206\2206-6心田集.docx","202206","review","unsupported-legacy-structure",,,,,,,"System.Object[]"
"G:\我的雲端硬碟\氣機導引\電子報新版網頁\各期電子報\202206\2206-2疑義相與析.docx","202206","review","unsupported-legacy-structure",,,,,,,"System.Object[]"
"G:\我的雲端硬碟\氣機導引\電子報新版網頁\各期電子報\202206\2206-5體證道德經.docx","202206","review","unsupported-legacy-structure",,,,,,,"System.Object[]"
"G:\我的雲端硬碟\氣機導引\電子報新版網頁\各期電子報\202206\2206-4練功筆記.docx","202206","review","unsupported-legacy-structure",,,,,,,"System.Object[]"
"G:\我的雲端硬碟\氣機導引\電子報新版網頁\各期電子報\202206\2206-1編輯小語.docx","202206","review","unsupported-legacy-structure",,,,,,,"System.Object[]"
"G:\我的雲端硬碟\氣機導引\電子報新版網頁\各期電子報\202206\2206-7觀行錄.docx","202206","review","unsupported-legacy-structure",,,,,,,"System.Object[]"
"G:\我的雲端硬碟\氣機導引\電子報新版網頁\各期電子報\202206\2206-3疑義相與析.docx","202206","skipped","already-standard",,,,,,,
"G:\我的雲端硬碟\氣機導引\電子報新版網頁\各期電子報\202207\2207-00目錄.docx","202207","review","unsupported-legacy-structure",,,,,,,"System.Object[]"
"G:\我的雲端硬碟\氣機導引\電子報新版網頁\各期電子報\202207\2207-03二早班覺境，不困於境.docx","202207","error","empty-document",,,,,,,
"G:\我的雲端硬碟\氣機導引\電子報新版網頁\各期電子報\202207\2207-1編輯小語.docx","202207","review","unsupported-legacy-structure",,,,,,,"System.Object[]"
"G:\我的雲端硬碟\氣機導引\電子報新版網頁\各期電子報\202207\2207-05四午班搞定自己.docx","202207","error","empty-document",,,,,,,
"G:\我的雲端硬碟\氣機導引\電子報新版網頁\各期電子報\202207\2207-04二晚班練掉你的死樣子.docx","202207","error","empty-document",,,,,,,
"G:\我的雲端硬碟\氣機導引\電子報新版網頁\各期電子報\202207\2207-02一晚班要無為，先無所不為.docx","202207","review","unsupported-legacy-structure",,,,,,,"System.Object[]"
"G:\我的雲端硬碟\氣機導引\電子報新版網頁\各期電子報\202207\2207-08六早班沒有最高，只有更高.docx","202207","error","empty-document",,,,,,,
"G:\我的雲端硬碟\氣機導引\電子報新版網頁\各期電子報\202207\2207-10日早班無常才是常.docx","202207","error","empty-document",,,,,,,
"G:\我的雲端硬碟\氣機導引\電子報新版網頁\各期電子報\202207\2207-09台中班扮演自己，不是扮演任何角色.docx","202207","error","empty-document",,,,,,,
"G:\我的雲端硬碟\氣機導引\電子報新版網頁\各期電子報\202207\2207-11練功筆記.docx","202207","skipped","already-standard",,,,,,,
"G:\我的雲端硬碟\氣機導引\電子報新版網頁\各期電子報\202207\2207-12練功筆記.docx","202207","skipped","already-standard",,,,,,,
"G:\我的雲端硬碟\氣機導引\電子報新版網頁\各期電子報\202207\2207-13導引香道.docx","202207","review","unsupported-legacy-structure",,,,,,,"System.Object[]"
"G:\我的雲端硬碟\氣機導引\電子報新版網頁\各期電子報\202207\2207-14體證道德經.docx","202207","review","unsupported-legacy-structure",,,,,,,"System.Object[]"
"G:\我的雲端硬碟\氣機導引\電子報新版網頁\各期電子報\202207\2207-15圖靈集.docx","202207","review","unsupported-legacy-structure",,,,,,,"System.Object[]"
"G:\我的雲端硬碟\氣機導引\電子報新版網頁\各期電子報\202207\2207-16股海人生.docx","202207","review","unsupported-legacy-structure",,,,,,,"System.Object[]"
"G:\我的雲端硬碟\氣機導引\電子報新版網頁\各期電子報\202207\2207-17導引采風錄.docx","202207","review","unsupported-legacy-structure",,,,,,,"System.Object[]"
"G:\我的雲端硬碟\氣機導引\電子報新版網頁\各期電子報\202207\2207-07五晚班最大的障礙是自己.docx","202207","error","empty-document",,,,,,,
"G:\我的雲端硬碟\氣機導引\電子報新版網頁\各期電子報\202207\2207-06四晚班心若無事境自遷.docx","202207","error","empty-document",,,,,,,
"G:\我的雲端硬碟\氣機導引\電子報新版網頁\各期電子報\202208\2208-5體證道德經.docx","202208","review","unsupported-legacy-structure",,,,,,,"System.Object[]"
"G:\我的雲端硬碟\氣機導引\電子報新版網頁\各期電子報\202208\2208-6心田集.docx","202208","review","unsupported-legacy-structure",,,,,,,"System.Object[]"
"G:\我的雲端硬碟\氣機導引\電子報新版網頁\各期電子報\202208\2208-3雪山坑瑞鈴.docx","202208","skipped","already-standard",,,,,,,
"G:\我的雲端硬碟\氣機導引\電子報新版網頁\各期電子報\202208\2208-00目錄.docx","202208","review","unsupported-legacy-structure",,,,,,,"System.Object[]"
"G:\我的雲端硬碟\氣機導引\電子報新版網頁\各期電子報\202208\2208-7股海人生.docx","202208","review","unsupported-legacy-structure",,,,,,,"System.Object[]"
"G:\我的雲端硬碟\氣機導引\電子報新版網頁\各期電子報\202208\2208-2雪山坑(陳盈靜).docx","202208","skipped","already-standard",,,,,,,
"G:\我的雲端硬碟\氣機導引\電子報新版網頁\各期電子報\202208\2208-1編輯小語.docx","202208","review","unsupported-legacy-structure",,,,,,,"System.Object[]"
"G:\我的雲端硬碟\氣機導引\電子報新版網頁\各期電子報\202208\2208-4土沉與碳化.docx","202208","review","unsupported-legacy-structure",,,,,,,"System.Object[]"
"G:\我的雲端硬碟\氣機導引\電子報新版網頁\各期電子報\202211\2211-8誠則明 明則誠.docx","202211","review","unsupported-legacy-structure",,,,,,,"System.Object[]"
"G:\我的雲端硬碟\氣機導引\電子報新版網頁\各期電子報\202211\2211-1編輯小語.docx","202211","review","unsupported-legacy-structure",,,,,,,"System.Object[]"
"G:\我的雲端硬碟\氣機導引\電子報新版網頁\各期電子報\202211\2211-7圖靈集.docx","202211","review","unsupported-legacy-structure",,,,,,,"System.Object[]"
"G:\我的雲端硬碟\氣機導引\電子報新版網頁\各期電子報\202211\2211-5導引香道.docx","202211","review","unsupported-legacy-structure",,,,,,,"System.Object[]"
"G:\我的雲端硬碟\氣機導引\電子報新版網頁\各期電子報\202211\2211-6體證道德經.docx","202211","review","unsupported-legacy-structure",,,,,,,"System.Object[]"
"G:\我的雲端硬碟\氣機導引\電子報新版網頁\各期電子報\202211\2211-9導引采風錄.docx","202211","review","unsupported-legacy-structure",,,,,,,"System.Object[]"
"G:\我的雲端硬碟\氣機導引\電子報新版網頁\各期電子報\202211\2211-2夙君.docx","202211","review","unsupported-legacy-structure",,,,,,,"System.Object[]"
"G:\我的雲端硬碟\氣機導引\電子報新版網頁\各期電子報\202211\2211-3練功筆記劉惠瑛.docx","202211","skipped","already-standard",,,,,,,
"G:\我的雲端硬碟\氣機導引\電子報新版網頁\各期電子報\202211\2211-0目錄.docx","202211","review","unsupported-legacy-structure",,,,,,,"System.Object[]"
"G:\我的雲端硬碟\氣機導引\電子報新版網頁\各期電子報\202211\2211-4嫻言絮語.docx","202211","review","unsupported-legacy-structure",,,,,,,"System.Object[]"
"G:\我的雲端硬碟\氣機導引\電子報新版網頁\各期電子報\202212\2212-2雪山坑冬季五感.docx","202212","review","unsupported-legacy-structure",,,,,,,"System.Object[]"
"G:\我的雲端硬碟\氣機導引\電子報新版網頁\各期電子報\202212\2212-6導引香道.docx","202212","review","unsupported-legacy-structure",,,,,,,"System.Object[]"
"G:\我的雲端硬碟\氣機導引\電子報新版網頁\各期電子報\202212\2212-9逍遙遊.docx","202212","review","unsupported-legacy-structure",,,,,,,"System.Object[]"
"G:\我的雲端硬碟\氣機導引\電子報新版網頁\各期電子報\202212\2212-0目錄.docx","202212","review","unsupported-legacy-structure",,,,,,,"System.Object[]"
"G:\我的雲端硬碟\氣機導引\電子報新版網頁\各期電子報\202212\2212-10導引采風錄.docx","202212","review","unsupported-legacy-structure",,,,,,,"System.Object[]"
"G:\我的雲端硬碟\氣機導引\電子報新版網頁\各期電子報\202212\2212-3歲末專題之二.docx","202212","review","unsupported-legacy-structure",,,,,,,"System.Object[]"
"G:\我的雲端硬碟\氣機導引\電子報新版網頁\各期電子報\202212\2212-5練功筆記世紘.docx","202212","skipped","already-standard",,,,,,,
"G:\我的雲端硬碟\氣機導引\電子報新版網頁\各期電子報\202212\2212-7體證道德經.docx","202212","review","unsupported-legacy-structure",,,,,,,"System.Object[]"
"G:\我的雲端硬碟\氣機導引\電子報新版網頁\各期電子報\202212\2212-4練功筆記夙君.docx","202212","review","unsupported-legacy-structure",,,,,,,"System.Object[]"
"G:\我的雲端硬碟\氣機導引\電子報新版網頁\各期電子報\202212\2212-8心田集.docx","202212","review","unsupported-legacy-structure",,,,,,,"System.Object[]"
"G:\我的雲端硬碟\氣機導引\電子報新版網頁\各期電子報\202212\2212-1編輯小語.docx","202212","review","unsupported-legacy-structure",,,,,,,"System.Object[]"
"G:\我的雲端硬碟\氣機導引\電子報新版網頁\各期電子報\202212\20221111_觀行錄_川流初心ocx.docx","202212","review","unsupported-legacy-structure",,,,,,,"System.Object[]"
"G:\我的雲端硬碟\氣機導引\電子報新版網頁\各期電子報\202301\2301-2-6五晚班.docx","202301","review","unsupported-legacy-structure",,,,,,,"System.Object[]"
"G:\我的雲端硬碟\氣機導引\電子報新版網頁\各期電子報\202301\2301-3-4芮瑩.docx","202301","review","unsupported-legacy-structure",,,,,,,"System.Object[]"
"G:\我的雲端硬碟\氣機導引\電子報新版網頁\各期電子報\202301\2301-3-7高袖桐.docx","202301","review","unsupported-legacy-structure",,,,,,,"System.Object[]"
"G:\我的雲端硬碟\氣機導引\電子報新版網頁\各期電子報\202301\2301-6圖靈集.docx","202301","review","unsupported-legacy-structure",,,,,,,"System.Object[]"
"G:\我的雲端硬碟\氣機導引\電子報新版網頁\各期電子報\202301\2301-3-6靜慧.docx","202301","review","unsupported-legacy-structure",,,,,,,"System.Object[]"
"G:\我的雲端硬碟\氣機導引\電子報新版網頁\各期電子報\202301\2301-2-4四午一分鐘.docx","202301","review","unsupported-legacy-structure",,,,,,,"System.Object[]"
"G:\我的雲端硬碟\氣機導引\電子報新版網頁\各期電子報\202301\2301-5體證道德經.docx","202301","review","unsupported-legacy-structure",,,,,,,"System.Object[]"
"G:\我的雲端硬碟\氣機導引\電子報新版網頁\各期電子報\202301\2301-3-9暐婷.docx","202301","review","unsupported-legacy-structure",,,,,,,"System.Object[]"
"G:\我的雲端硬碟\氣機導引\電子報新版網頁\各期電子報\202301\2301-2-1一晚錄音側記.docx","202301","review","unsupported-legacy-structure",,,,,,,"System.Object[]"
"G:\我的雲端硬碟\氣機導引\電子報新版網頁\各期電子報\202301\2301-3-2慧敏.docx","202301","review","unsupported-legacy-structure",,,,,,,"System.Object[]"
"G:\我的雲端硬碟\氣機導引\電子報新版網頁\各期電子報\202301\2301-3-1惠如.docx","202301","review","unsupported-legacy-structure",,,,,,,"System.Object[]"
"G:\我的雲端硬碟\氣機導引\電子報新版網頁\各期電子報\202301\2301-2-3二晚.docx","202301","review","unsupported-legacy-structure",,,,,,,"System.Object[]"
"G:\我的雲端硬碟\氣機導引\電子報新版網頁\各期電子報\202301\2301-4練功筆記.docx","202301","review","unsupported-legacy-structure",,,,,,,"System.Object[]"
"G:\我的雲端硬碟\氣機導引\電子報新版網頁\各期電子報\202301\2301-3-8秋玲.docx","202301","review","unsupported-legacy-structure",,,,,,,"System.Object[]"
"G:\我的雲端硬碟\氣機導引\電子報新版網頁\各期電子報\202301\2301-3-3媛媛.docx","202301","review","unsupported-legacy-structure",,,,,,,"System.Object[]"
"G:\我的雲端硬碟\氣機導引\電子報新版網頁\各期電子報\202301\2301-3-5琦瑛.docx","202301","review","unsupported-legacy-structure",,,,,,,"System.Object[]"
"G:\我的雲端硬碟\氣機導引\電子報新版網頁\各期電子報\202301\2301-2-2二早班.docx","202301","review","unsupported-legacy-structure",,,,,,,"System.Object[]"
"G:\我的雲端硬碟\氣機導引\電子報新版網頁\各期電子報\202301\2301-00目錄.docx","202301","review","unsupported-legacy-structure",,,,,,,"System.Object[]"
"G:\我的雲端硬碟\氣機導引\電子報新版網頁\各期電子報\202301\2301-3-11張尊堡.docx","202301","review","unsupported-legacy-structure",,,,,,,"System.Object[]"
"G:\我的雲端硬碟\氣機導引\電子報新版網頁\各期電子報\202301\Pic\2301-3-10游夙君.docx","202301","review","unsupported-legacy-structure",,,,,,,"System.Object[]"
"G:\我的雲端硬碟\氣機導引\電子報新版網頁\各期電子報\202301\Pic\2301-00目錄.docx","202301","review","unsupported-legacy-structure",,,,,,,"System.Object[]"
"G:\我的雲端硬碟\氣機導引\電子報新版網頁\各期電子報\202301\Pic\2301-1編輯小語.docx","202301","review","unsupported-legacy-structure",,,,,,,"System.Object[]"
"G:\我的雲端硬碟\氣機導引\電子報新版網頁\各期電子報\202302\2302-2-1陳盈靜.docx","202302","skipped","already-standard",,,,,,,
"G:\我的雲端硬碟\氣機導引\電子報新版網頁\各期電子報\202302\2302-00目錄.docx","202302","review","unsupported-legacy-structure",,,,,,,"System.Object[]"
"G:\我的雲端硬碟\氣機導引\電子報新版網頁\各期電子報\202302\2302-5心田集.docx","202302","review","unsupported-legacy-structure",,,,,,,"System.Object[]"
"G:\我的雲端硬碟\氣機導引\電子報新版網頁\各期電子報\202302\2302-2-5楊清雲.docx","202302","skipped","already-standard",,,,,,,
"G:\我的雲端硬碟\氣機導引\電子報新版網頁\各期電子報\202302\2302-3練功筆記.docx","202302","review","unsupported-legacy-structure",,,,,,,"System.Object[]"
"G:\我的雲端硬碟\氣機導引\電子報新版網頁\各期電子報\202302\2302-2-3洪淑敏.docx","202302","skipped","already-standard",,,,,,,
"G:\我的雲端硬碟\氣機導引\電子報新版網頁\各期電子報\202302\2302-2-6羅星如.docx","202302","skipped","already-standard",,,,,,,
"G:\我的雲端硬碟\氣機導引\電子報新版網頁\各期電子報\202302\2302-8洪明美.docx","202302","review","unsupported-legacy-structure",,,,,,,"System.Object[]"
"G:\我的雲端硬碟\氣機導引\電子報新版網頁\各期電子報\202302\2302-2-2建珍.docx","202302","skipped","already-standard",,,,,,,
"G:\我的雲端硬碟\氣機導引\電子報新版網頁\各期電子報\202302\2302-7逍遙遊.docx","202302","review","unsupported-legacy-structure",,,,,,,"System.Object[]"
"G:\我的雲端硬碟\氣機導引\電子報新版網頁\各期電子報\202302\2302-2-4林芬蓉.docx","202302","skipped","already-standard",,,,,,,
"G:\我的雲端硬碟\氣機導引\電子報新版網頁\各期電子報\202302\2302-4體證道德經.docx","202302","review","unsupported-legacy-structure",,,,,,,"System.Object[]"
"G:\我的雲端硬碟\氣機導引\電子報新版網頁\各期電子報\202302\2302-2-7傅金匙.docx","202302","skipped","already-standard",,,,,,,
"G:\我的雲端硬碟\氣機導引\電子報新版網頁\各期電子報\202302\2302-6觀行錄.docx","202302","review","unsupported-legacy-structure",,,,,,,"System.Object[]"
"G:\我的雲端硬碟\氣機導引\電子報新版網頁\各期電子報\202302\2302-1編輯小語.docx","202302","review","unsupported-legacy-structure",,,,,,,"System.Object[]"
"G:\我的雲端硬碟\氣機導引\電子報新版網頁\各期電子報\202303\2303-3練功筆記之一.docx","202303","skipped","already-standard",,,,,,,
"G:\我的雲端硬碟\氣機導引\電子報新版網頁\各期電子報\202303\2303-5體證道德經.docx","202303","review","unsupported-legacy-structure",,,,,,,"System.Object[]"
"G:\我的雲端硬碟\氣機導引\電子報新版網頁\各期電子報\202303\2303-00目錄.docx","202303","review","unsupported-legacy-structure",,,,,,,"System.Object[]"
"G:\我的雲端硬碟\氣機導引\電子報新版網頁\各期電子報\202303\2303-7槁木死灰與無限性.docx","202303","review","unsupported-legacy-structure",,,,,,,"System.Object[]"
"G:\我的雲端硬碟\氣機導引\電子報新版網頁\各期電子報\202303\2303-8導引采風錄莫仁維 .docx","202303","review","unsupported-legacy-structure",,,,,,,"System.Object[]"
"G:\我的雲端硬碟\氣機導引\電子報新版網頁\各期電子報\202303\2303-4練功筆記之二.docx","202303","skipped","already-standard",,,,,,,
"G:\我的雲端硬碟\氣機導引\電子報新版網頁\各期電子報\202303\2303-2如是我聞：無極心法紀要(修改版).docx","202303","review","unsupported-legacy-structure",,,,,,,"System.Object[]"
"G:\我的雲端硬碟\氣機導引\電子報新版網頁\各期電子報\202303\2303-6圖靈集.docx","202303","review","unsupported-legacy-structure",,,,,,,"System.Object[]"
"G:\我的雲端硬碟\氣機導引\電子報新版網頁\各期電子報\202303\2303-1編輯小語.docx","202303","review","unsupported-legacy-structure",,,,,,,"System.Object[]"
"G:\我的雲端硬碟\氣機導引\電子報新版網頁\各期電子報\202303\2303-7觀行錄.docx","202303","review","unsupported-legacy-structure",,,,,,,"System.Object[]"
"G:\我的雲端硬碟\氣機導引\電子報新版網頁\各期電子報\202304（妙觀品藏香）\2304-00目錄.docx","202304","review","unsupported-legacy-structure",,,,,,,"System.Object[]"
"G:\我的雲端硬碟\氣機導引\電子報新版網頁\各期電子報\202304（妙觀品藏香）\2304-8本來無一物 無中能生有.docx","202304","review","unsupported-legacy-structure",,,,,,,"System.Object[]"
"G:\我的雲端硬碟\氣機導引\電子報新版網頁\各期電子報\202304（妙觀品藏香）\2304-7心田集.docx","202304","review","unsupported-legacy-structure",,,,,,,"System.Object[]"
"G:\我的雲端硬碟\氣機導引\電子報新版網頁\各期電子報\202304（妙觀品藏香）\2304-4練功筆記之三.docx","202304","skipped","already-standard",,,,,,,
"G:\我的雲端硬碟\氣機導引\電子報新版網頁\各期電子報\202304（妙觀品藏香）\2304-5體證道德經.docx","202304","review","unsupported-legacy-structure",,,,,,,"System.Object[]"
"G:\我的雲端硬碟\氣機導引\電子報新版網頁\各期電子報\202304（妙觀品藏香）\2304-2練功筆記之一.docx","202304","skipped","already-standard",,,,,,,
"G:\我的雲端硬碟\氣機導引\電子報新版網頁\各期電子報\202304（妙觀品藏香）\2304-3練功筆記之二.docx","202304","skipped","already-standard",,,,,,,
"G:\我的雲端硬碟\氣機導引\電子報新版網頁\各期電子報\202304（妙觀品藏香）\2304-9采風錄.docx","202304","review","unsupported-legacy-structure",,,,,,,"System.Object[]"
"G:\我的雲端硬碟\氣機導引\電子報新版網頁\各期電子報\202304（妙觀品藏香）\2304-1編輯小語.docx","202304","review","unsupported-legacy-structure",,,,,,,"System.Object[]"
"G:\我的雲端硬碟\氣機導引\電子報新版網頁\各期電子報\202304（妙觀品藏香）\2304-6導引香道.docx","202304","review","unsupported-legacy-structure",,,,,,,"System.Object[]"
"G:\我的雲端硬碟\氣機導引\電子報新版網頁\各期電子報\202304（妙觀品藏香）\妙觀品藏香.docx","202304","review","unsupported-legacy-structure",,,,,,,"System.Object[]"
"G:\我的雲端硬碟\氣機導引\電子報新版網頁\各期電子報\202305\2305-3體證道德經.docx","202305","review","unsupported-legacy-structure",,,,,,,"System.Object[]"
"G:\我的雲端硬碟\氣機導引\電子報新版網頁\各期電子報\202305\2305-4導引香道.docx","202305","review","unsupported-legacy-structure",,,,,,,"System.Object[]"
"G:\我的雲端硬碟\氣機導引\電子報新版網頁\各期電子報\202305\2305-8導引采風錄.docx","202305","review","unsupported-legacy-structure",,,,,,,"System.Object[]"
"G:\我的雲端硬碟\氣機導引\電子報新版網頁\各期電子報\202305\2305-2陳國華.docx","202305","review","unsupported-legacy-structure",,,,,,,"System.Object[]"
"G:\我的雲端硬碟\氣機導引\電子報新版網頁\各期電子報\202305\2305-7資產負債週期性.docx","202305","review","unsupported-legacy-structure",,,,,,,"System.Object[]"
"G:\我的雲端硬碟\氣機導引\電子報新版網頁\各期電子報\202305\2305-1編輯小語.docx","202305","review","unsupported-legacy-structure",,,,,,,"System.Object[]"
"G:\我的雲端硬碟\氣機導引\電子報新版網頁\各期電子報\202305\2305-5導引香道_莫仁維.docx","202305","skipped","already-standard",,,,,,,
"G:\我的雲端硬碟\氣機導引\電子報新版網頁\各期電子報\202305\2305-6圖靈集.docx","202305","review","unsupported-legacy-structure",,,,,,,"System.Object[]"
"G:\我的雲端硬碟\氣機導引\電子報新版網頁\各期電子報\202305\2305-00目錄.docx","202305","review","unsupported-legacy-structure",,,,,,,"System.Object[]"
"G:\我的雲端硬碟\氣機導引\電子報新版網頁\各期電子報\202306\2306-10導引采風.docx","202306","review","unsupported-legacy-structure",,,,,,,"System.Object[]"
"G:\我的雲端硬碟\氣機導引\電子報新版網頁\各期電子報\202306\2306-6導引香道.docx","202306","review","unsupported-legacy-structure",,,,,,,"System.Object[]"
"G:\我的雲端硬碟\氣機導引\電子報新版網頁\各期電子報\202306\2306-2如是我聞.docx","202306","review","unsupported-legacy-structure",,,,,,,"System.Object[]"
"G:\我的雲端硬碟\氣機導引\電子報新版網頁\各期電子報\202306\2306-8心田集.docx","202306","review","unsupported-legacy-structure",,,,,,,"System.Object[]"
"G:\我的雲端硬碟\氣機導引\電子報新版網頁\各期電子報\202306\2306-3莊朝傑練功筆記.docx","202306","skipped","already-standard",,,,,,,
"G:\我的雲端硬碟\氣機導引\電子報新版網頁\各期電子報\202306\2306-5謝式冰練功筆記.docx","202306","skipped","already-standard",,,,,,,
"G:\我的雲端硬碟\氣機導引\電子報新版網頁\各期電子報\202306\2306-00目錄.docx","202306","review","unsupported-legacy-structure",,,,,,,"System.Object[]"
"G:\我的雲端硬碟\氣機導引\電子報新版網頁\各期電子報\202306\2306-4林麗惠練功筆記.docx","202306","skipped","already-standard",,,,,,,
"G:\我的雲端硬碟\氣機導引\電子報新版網頁\各期電子報\202306\2306-1編輯小語.docx","202306","review","unsupported-legacy-structure",,,,,,,"System.Object[]"
"G:\我的雲端硬碟\氣機導引\電子報新版網頁\各期電子報\202306\2306-9觀行錄.docx","202306","review","unsupported-legacy-structure",,,,,,,"System.Object[]"
"G:\我的雲端硬碟\氣機導引\電子報新版網頁\各期電子報\202306\2306-7體證道德經.docx","202306","review","unsupported-legacy-structure",,,,,,,"System.Object[]"
"G:\我的雲端硬碟\氣機導引\電子報新版網頁\各期電子報\202307\2307-4圖靈集.docx","202307","review","unsupported-legacy-structure",,,,,,,"System.Object[]"
"G:\我的雲端硬碟\氣機導引\電子報新版網頁\各期電子報\202307\2307-1編輯小語.docx","202307","review","unsupported-legacy-structure",,,,,,,"System.Object[]"
"G:\我的雲端硬碟\氣機導引\電子報新版網頁\各期電子報\202307\2307-00目錄.docx","202307","review","unsupported-legacy-structure",,,,,,,"System.Object[]"
"G:\我的雲端硬碟\氣機導引\電子報新版網頁\各期電子報\202307\2307-2疑義相與析.docx","202307","review","unsupported-legacy-structure",,,,,,,"System.Object[]"
"G:\我的雲端硬碟\氣機導引\電子報新版網頁\各期電子報\202307\2307-3體證道德經.docx","202307","review","unsupported-legacy-structure",,,,,,,"System.Object[]"
"G:\我的雲端硬碟\氣機導引\電子報新版網頁\各期電子報\202307\2307-5導引采風錄.docx","202307","review","unsupported-legacy-structure",,,,,,,"System.Object[]"
"G:\我的雲端硬碟\氣機導引\電子報新版網頁\各期電子報\202308\Gmail\2308-1編輯小語.docx","202308","review","unsupported-legacy-structure",,,,,,,"System.Object[]"
"G:\我的雲端硬碟\氣機導引\電子報新版網頁\各期電子報\202308\Gmail\2307-00目錄.docx","202308","review","unsupported-legacy-structure",,,,,,,"System.Object[]"
"G:\我的雲端硬碟\氣機導引\電子報新版網頁\各期電子報\202308\Gmail\2308-2練功筆記.docx","202308","review","unsupported-legacy-structure",,,,,,,"System.Object[]"
"G:\我的雲端硬碟\氣機導引\電子報新版網頁\各期電子報\202308\Gmail\2308-3導引按蹻.docx","202308","skipped","already-standard",,,,,,,
"G:\我的雲端硬碟\氣機導引\電子報新版網頁\各期電子報\202308\Gmail\2308-4導引按蹻.docx","202308","skipped","already-standard",,,,,,,
"G:\我的雲端硬碟\氣機導引\電子報新版網頁\各期電子報\202308\Gmail\2308-5道德經.docx","202308","review","unsupported-legacy-structure",,,,,,,"System.Object[]"
"G:\我的雲端硬碟\氣機導引\電子報新版網頁\各期電子報\202308\Gmail\2308-6無極練自我.docx","202308","review","unsupported-legacy-structure",,,,,,,"System.Object[]"
"G:\我的雲端硬碟\氣機導引\電子報新版網頁\各期電子報\202308\Gmail\2308-7週期與逆週期.docx","202308","review","unsupported-legacy-structure",,,,,,,"System.Object[]"
"G:\我的雲端硬碟\氣機導引\電子報新版網頁\各期電子報\202308\Gmail\2308-8導引采風錄.docx","202308","review","unsupported-legacy-structure",,,,,,,"System.Object[]"
"G:\我的雲端硬碟\氣機導引\電子報新版網頁\各期電子報\202308\Gmail\2308-2-1練功筆記.docx","202308","skipped","already-standard",,,,,,,
"G:\我的雲端硬碟\氣機導引\電子報新版網頁\各期電子報\202308\Gmail\2308-3-1導引按蹻.docx","202308","skipped","already-standard",,,,,,,
"G:\我的雲端硬碟\氣機導引\電子報新版網頁\各期電子報\202308\Gmail\2308-00目錄.docx","202308","review","unsupported-legacy-structure",,,,,,,"System.Object[]"
"G:\我的雲端硬碟\氣機導引\電子報新版網頁\各期電子報\202309\2309-1編輯小語.docx","202309","review","unsupported-legacy-structure",,,,,,,"System.Object[]"
"G:\我的雲端硬碟\氣機導引\電子報新版網頁\各期電子報\202309\2309-00目錄.docx","202309","review","unsupported-legacy-structure",,,,,,,"System.Object[]"
"G:\我的雲端硬碟\氣機導引\電子報新版網頁\各期電子報\202309\2309-2練功筆記.docx","202309","review","unsupported-legacy-structure",,,,,,,"System.Object[]"
"G:\我的雲端硬碟\氣機導引\電子報新版網頁\各期電子報\202309\2309-3治療的真意.docx","202309","review","unsupported-legacy-structure",,,,,,,"System.Object[]"
"G:\我的雲端硬碟\氣機導引\電子報新版網頁\各期電子報\202309\2309-4體證道德經.docx","202309","review","unsupported-legacy-structure",,,,,,,"System.Object[]"
"G:\我的雲端硬碟\氣機導引\電子報新版網頁\各期電子報\202309\2309-5圖靈集.docx","202309","review","unsupported-legacy-structure",,,,,,,"System.Object[]"
"G:\我的雲端硬碟\氣機導引\電子報新版網頁\各期電子報\202309\2309-6觀行錄.docx","202309","review","unsupported-legacy-structure",,,,,,,"System.Object[]"
"G:\我的雲端硬碟\氣機導引\電子報新版網頁\各期電子報\202309\2309-7股海人生.docx","202309","review","unsupported-legacy-structure",,,,,,,"System.Object[]"
"G:\我的雲端硬碟\氣機導引\電子報新版網頁\各期電子報\202310\2310-1編輯小語.docx","202310","review","unsupported-legacy-structure",,,,,,,"System.Object[]"
"G:\我的雲端硬碟\氣機導引\電子報新版網頁\各期電子報\202310\2310-00目錄.docx","202310","review","unsupported-legacy-structure",,,,,,,"System.Object[]"
"G:\我的雲端硬碟\氣機導引\電子報新版網頁\各期電子報\202310\2310-2如是我聞.docx","202310","review","unsupported-legacy-structure",,,,,,,"System.Object[]"
"G:\我的雲端硬碟\氣機導引\電子報新版網頁\各期電子報\202310\2310-3練功筆記.docx","202310","review","unsupported-legacy-structure",,,,,,,"System.Object[]"
"G:\我的雲端硬碟\氣機導引\電子報新版網頁\各期電子報\202310\2310-4體證道德經.docx","202310","review","unsupported-legacy-structure",,,,,,,"System.Object[]"
"G:\我的雲端硬碟\氣機導引\電子報新版網頁\各期電子報\202310\2310-5股海人生.docx","202310","review","unsupported-legacy-structure",,,,,,,"System.Object[]"
"G:\我的雲端硬碟\氣機導引\電子報新版網頁\各期電子報\202310\2310-6山腳下的蘆葦.docx","202310","review","unsupported-legacy-structure",,,,,,,"System.Object[]"
"G:\我的雲端硬碟\氣機導引\電子報新版網頁\各期電子報\202310\2310-7導引采風錄.docx","202310","review","unsupported-legacy-structure",,,,,,,"System.Object[]"
"G:\我的雲端硬碟\氣機導引\電子報新版網頁\各期電子報\202311\2311-00目錄.docx","202311","review","unsupported-legacy-structure",,,,,,,"System.Object[]"
"G:\我的雲端硬碟\氣機導引\電子報新版網頁\各期電子報\202311\2311-2如是我聞.docx","202311","review","unsupported-legacy-structure",,,,,,,"System.Object[]"
"G:\我的雲端硬碟\氣機導引\電子報新版網頁\各期電子報\202311\2311-2練功筆記.docx","202311","review","unsupported-legacy-structure",,,,,,,"System.Object[]"
"G:\我的雲端硬碟\氣機導引\電子報新版網頁\各期電子報\202311\2311-3治療見學.docx","202311","review","unsupported-legacy-structure",,,,,,,"System.Object[]"
"G:\我的雲端硬碟\氣機導引\電子報新版網頁\各期電子報\202311\2311-4體證道德經.docx","202311","review","unsupported-legacy-structure",,,,,,,"System.Object[]"
"G:\我的雲端硬碟\氣機導引\電子報新版網頁\各期電子報\202311\2311-5圖靈集.docx","202311","review","unsupported-legacy-structure",,,,,,,"System.Object[]"
"G:\我的雲端硬碟\氣機導引\電子報新版網頁\各期電子報\202311\2311-6股海人生.docx","202311","review","unsupported-legacy-structure",,,,,,,"System.Object[]"
"G:\我的雲端硬碟\氣機導引\電子報新版網頁\各期電子報\202311\2311-7導引采風錄 .docx","202311","review","unsupported-legacy-structure",,,,,,,"System.Object[]"
"G:\我的雲端硬碟\氣機導引\電子報新版網頁\各期電子報\202311\2311-1編輯小語.docx","202311","review","unsupported-legacy-structure",,,,,,,"System.Object[]"
"G:\我的雲端硬碟\氣機導引\電子報新版網頁\各期電子報\202312\文章\2312-00目錄.docx","202312","review","unsupported-legacy-structure",,,,,,,"System.Object[]"
"G:\我的雲端硬碟\氣機導引\電子報新版網頁\各期電子報\202312\文章\2312-2如是我聞.docx","202312","review","unsupported-legacy-structure",,,,,,,"System.Object[]"
"G:\我的雲端硬碟\氣機導引\電子報新版網頁\各期電子報\202312\文章\2312-3練功筆記.docx","202312","review","unsupported-legacy-structure",,,,,,,"System.Object[]"
"G:\我的雲端硬碟\氣機導引\電子報新版網頁\各期電子報\202312\文章\2312-4老子第43章.docx","202312","review","unsupported-legacy-structure",,,,,,,"System.Object[]"
"G:\我的雲端硬碟\氣機導引\電子報新版網頁\各期電子報\202312\文章\2312-6心田集.docx","202312","review","unsupported-legacy-structure",,,,,,,"System.Object[]"
"G:\我的雲端硬碟\氣機導引\電子報新版網頁\各期電子報\202312\文章\2312-8股海人生.docx","202312","review","unsupported-legacy-structure",,,,,,,"System.Object[]"
"G:\我的雲端硬碟\氣機導引\電子報新版網頁\各期電子報\202312\文章\2312-9山腳下的蘆葦.docx","202312","review","unsupported-legacy-structure",,,,,,,"System.Object[]"
"G:\我的雲端硬碟\氣機導引\電子報新版網頁\各期電子報\202312\文章\2312-10導引采風錄 程文政.docx","202312","review","unsupported-legacy-structure",,,,,,,"System.Object[]"
"G:\我的雲端硬碟\氣機導引\電子報新版網頁\各期電子報\202312\文章\2312-1編輯小語.docx","202312","review","unsupported-legacy-structure",,,,,,,"System.Object[]"
"G:\我的雲端硬碟\氣機導引\電子報新版網頁\各期電子報\202312\文章\2312-5治療學就是人生學.docx","202312","review","unsupported-legacy-structure",,,,,,,"System.Object[]"
"G:\我的雲端硬碟\氣機導引\電子報新版網頁\各期電子報\202312\文章\2312-7觀行錄.docx","202312","review","unsupported-legacy-structure",,,,,,,"System.Object[]"
"G:\我的雲端硬碟\氣機導引\電子報新版網頁\各期電子報\202401\2401-2-1台中班.docx","202401","review","unsupported-legacy-structure",,,,,,,"System.Object[]"
"G:\我的雲端硬碟\氣機導引\電子報新版網頁\各期電子報\202401\2401-2-3六早.docx","202401","review","unsupported-legacy-structure",,,,,,,"System.Object[]"
"G:\我的雲端硬碟\氣機導引\電子報新版網頁\各期電子報\202401\2401-2-4五晚.docx","202401","review","unsupported-legacy-structure",,,,,,,"System.Object[]"
"G:\我的雲端硬碟\氣機導引\電子報新版網頁\各期電子報\202401\2401-2-5四晚班.docx","202401","review","unsupported-legacy-structure",,,,,,,"System.Object[]"
"G:\我的雲端硬碟\氣機導引\電子報新版網頁\各期電子報\202401\2401-2-7二晚.docx","202401","review","unsupported-legacy-structure",,,,,,,"System.Object[]"
"G:\我的雲端硬碟\氣機導引\電子報新版網頁\各期電子報\202401\2401-2-2日早班.docx","202401","review","unsupported-legacy-structure",,,,,,,"System.Object[]"
"G:\我的雲端硬碟\氣機導引\電子報新版網頁\各期電子報\202401\2401-2-8二早班.docx","202401","review","unsupported-legacy-structure",,,,,,,"System.Object[]"
"G:\我的雲端硬碟\氣機導引\電子報新版網頁\各期電子報\202401\2401-2-9一晚班.docx","202401","review","unsupported-legacy-structure",,,,,,,"System.Object[]"
"G:\我的雲端硬碟\氣機導引\電子報新版網頁\各期電子報\202401\2401-2-6四午.docx","202401","review","unsupported-legacy-structure",,,,,,,"System.Object[]"
"G:\我的雲端硬碟\氣機導引\電子報新版網頁\各期電子報\202401\2401-1編輯小語.docx","202401","review","unsupported-legacy-structure",,,,,,,"System.Object[]"
"G:\我的雲端硬碟\氣機導引\電子報新版網頁\各期電子報\202401\2401-3道德經第45章.docx","202401","review","unsupported-legacy-structure",,,,,,,"System.Object[]"
"G:\我的雲端硬碟\氣機導引\電子報新版網頁\各期電子報\202401\2401-4導引按蹻.docx","202401","review","unsupported-legacy-structure",,,,,,,"System.Object[]"
"G:\我的雲端硬碟\氣機導引\電子報新版網頁\各期電子報\202401\2401-5圖靈集.docx","202401","review","unsupported-legacy-structure",,,,,,,"System.Object[]"
"G:\我的雲端硬碟\氣機導引\電子報新版網頁\各期電子報\202401\2401-7謝式冰.docx","202401","review","unsupported-legacy-structure",,,,,,,"System.Object[]"
"G:\我的雲端硬碟\氣機導引\電子報新版網頁\各期電子報\202401\2401-00目錄.docx","202401","review","unsupported-legacy-structure",,,,,,,"System.Object[]"
"G:\我的雲端硬碟\氣機導引\電子報新版網頁\各期電子報\202403\Gmail\2403-2走春.docx","202403","review","unsupported-legacy-structure",,,,,,,"System.Object[]"
"G:\我的雲端硬碟\氣機導引\電子報新版網頁\各期電子報\202403\Gmail\2403-3練功筆記.docx","202403","review","unsupported-legacy-structure",,,,,,,"System.Object[]"
"G:\我的雲端硬碟\氣機導引\電子報新版網頁\各期電子報\202403\Gmail\2403-4體證道德經.docx","202403","review","unsupported-legacy-structure",,,,,,,"System.Object[]"
"G:\我的雲端硬碟\氣機導引\電子報新版網頁\各期電子報\202403\Gmail\2403-5導引按蹻.docx","202403","review","unsupported-legacy-structure",,,,,,,"System.Object[]"
"G:\我的雲端硬碟\氣機導引\電子報新版網頁\各期電子報\202403\Gmail\2403-7股海人生.docx","202403","review","unsupported-legacy-structure",,,,,,,"System.Object[]"
"G:\我的雲端硬碟\氣機導引\電子報新版網頁\各期電子報\202403\Gmail\2403-8導引采風錄.docx","202403","review","unsupported-legacy-structure",,,,,,,"System.Object[]"
"G:\我的雲端硬碟\氣機導引\電子報新版網頁\各期電子報\202403\Gmail\2403-6圖靈集.docx","202403","review","unsupported-legacy-structure",,,,,,,"System.Object[]"
"G:\我的雲端硬碟\氣機導引\電子報新版網頁\各期電子報\202403\Gmail\2403-6觀行錄_當下.docx","202403","review","unsupported-legacy-structure",,,,,,,"System.Object[]"
"G:\我的雲端硬碟\氣機導引\電子報新版網頁\各期電子報\202403\Gmail\2403-1編輯小語.docx","202403","review","unsupported-legacy-structure",,,,,,,"System.Object[]"
"G:\我的雲端硬碟\氣機導引\電子報新版網頁\各期電子報\202404\Gmail\2404-00目錄.docx","202404","review","unsupported-legacy-structure",,,,,,,"System.Object[]"
"G:\我的雲端硬碟\氣機導引\電子報新版網頁\各期電子報\202404\Gmail\2404-1編輯小語.docx","202404","review","unsupported-legacy-structure",,,,,,,"System.Object[]"
"G:\我的雲端硬碟\氣機導引\電子報新版網頁\各期電子報\202404\Gmail\2404-2練功筆記之一.docx","202404","review","unsupported-legacy-structure",,,,,,,"System.Object[]"
"G:\我的雲端硬碟\氣機導引\電子報新版網頁\各期電子報\202404\Gmail\2404-3練功筆記之二.docx","202404","review","unsupported-legacy-structure",,,,,,,"System.Object[]"
"G:\我的雲端硬碟\氣機導引\電子報新版網頁\各期電子報\202404\Gmail\2404-5導引按蹻.docx","202404","review","unsupported-legacy-structure",,,,,,,"System.Object[]"
"G:\我的雲端硬碟\氣機導引\電子報新版網頁\各期電子報\202404\Gmail\2404-6股海人生之桂林仔的卡通錶.docx","202404","review","unsupported-legacy-structure",,,,,,,"System.Object[]"
"G:\我的雲端硬碟\氣機導引\電子報新版網頁\各期電子報\202404\Gmail\2404-7導引采風呂麗卿.docx","202404","review","unsupported-legacy-structure",,,,,,,"System.Object[]"
"G:\我的雲端硬碟\氣機導引\電子報新版網頁\各期電子報\202404\Gmail\2404-4體證道德經第四十七.docx","202404","review","unsupported-legacy-structure",,,,,,,"System.Object[]"
"G:\我的雲端硬碟\氣機導引\電子報新版網頁\各期電子報\202405\2405-00目錄.docx","202405","review","unsupported-legacy-structure",,,,,,,"System.Object[]"
"G:\我的雲端硬碟\氣機導引\電子報新版網頁\各期電子報\202405\2405-2如是我聞.docx","202405","review","unsupported-legacy-structure",,,,,,,"System.Object[]"
"G:\我的雲端硬碟\氣機導引\電子報新版網頁\各期電子報\202405\2405-3屏東會館.docx","202405","review","unsupported-legacy-structure",,,,,,,"System.Object[]"
"G:\我的雲端硬碟\氣機導引\電子報新版網頁\各期電子報\202405\2405-4-1莊醫師 .docx","202405","review","unsupported-legacy-structure",,,,,,,"System.Object[]"
"G:\我的雲端硬碟\氣機導引\電子報新版網頁\各期電子報\202405\2405-4-2余媛媛.docx","202405","review","unsupported-legacy-structure",,,,,,,"System.Object[]"
"G:\我的雲端硬碟\氣機導引\電子報新版網頁\各期電子報\202405\2405-6骨盆治療.docx","202405","review","unsupported-legacy-structure",,,,,,,"System.Object[]"
"G:\我的雲端硬碟\氣機導引\電子報新版網頁\各期電子報\202405\2405-7圖靈集.docx","202405","review","unsupported-legacy-structure",,,,,,,"System.Object[]"
"G:\我的雲端硬碟\氣機導引\電子報新版網頁\各期電子報\202405\2405-8宇宙這樣從你心中生起.docx","202405","review","unsupported-legacy-structure",,,,,,,"System.Object[]"
"G:\我的雲端硬碟\氣機導引\電子報新版網頁\各期電子報\202405\2405-9山腳下的蘆葦.docx","202405","review","unsupported-legacy-structure",,,,,,,"System.Object[]"
"G:\我的雲端硬碟\氣機導引\電子報新版網頁\各期電子報\202405\2405-1編輯小語.docx","202405","review","unsupported-legacy-structure",,,,,,,"System.Object[]"
"G:\我的雲端硬碟\氣機導引\電子報新版網頁\各期電子報\202405\2405-5體證道德經.docx","202405","review","unsupported-legacy-structure",,,,,,,"System.Object[]"
"G:\我的雲端硬碟\氣機導引\電子報新版網頁\各期電子報\202405\2405-8觀行錄.docx","202405","review","unsupported-legacy-structure",,,,,,,"System.Object[]"
"G:\我的雲端硬碟\氣機導引\電子報新版網頁\各期電子報\202405\fwd5\202405___ 會館電子報.docx","202405","review","unsupported-legacy-structure",,,,,,,"System.Object[]"
"G:\我的雲端硬碟\氣機導引\電子報新版網頁\各期電子報\202406\2406-2如是我聞.docx","202406","review","unsupported-legacy-structure",,,,,,,"System.Object[]"
"G:\我的雲端硬碟\氣機導引\電子報新版網頁\各期電子報\202406\2406-3道德經49章.docx","202406","review","unsupported-legacy-structure",,,,,,,"System.Object[]"
"G:\我的雲端硬碟\氣機導引\電子報新版網頁\各期電子報\202406\2406-00目錄.docx","202406","review","unsupported-legacy-structure",,,,,,,"System.Object[]"
"G:\我的雲端硬碟\氣機導引\電子報新版網頁\各期電子報\202406\2406-5心田集.docx","202406","review","unsupported-legacy-structure",,,,,,,"System.Object[]"
"G:\我的雲端硬碟\氣機導引\電子報新版網頁\各期電子報\202406\2406-1編輯小語.docx","202406","review","unsupported-legacy-structure",,,,,,,"System.Object[]"
"G:\我的雲端硬碟\氣機導引\電子報新版網頁\各期電子報\202406\2406-4導引按蹻.docx","202406","review","unsupported-legacy-structure",,,,,,,"System.Object[]"
"G:\我的雲端硬碟\氣機導引\電子報新版網頁\各期電子報\202408\2408-00目錄.docx","202408","review","unsupported-legacy-structure",,,,,,,"System.Object[]"
"G:\我的雲端硬碟\氣機導引\電子報新版網頁\各期電子報\202408\2408-2應做如是觀-應做如是覺.docx","202408","review","unsupported-legacy-structure",,,,,,,"System.Object[]"
"G:\我的雲端硬碟\氣機導引\電子報新版網頁\各期電子報\202408\2408-4道德經_51尊貴.docx","202408","review","unsupported-legacy-structure",,,,,,,"System.Object[]"
"G:\我的雲端硬碟\氣機導引\電子報新版網頁\各期電子報\202408\2408-6心田集.docx","202408","review","unsupported-legacy-structure",,,,,,,"System.Object[]"
"G:\我的雲端硬碟\氣機導引\電子報新版網頁\各期電子報\202408\2408-7術之盡頭 炁體源流.docx","202408","review","unsupported-legacy-structure",,,,,,,"System.Object[]"
"G:\我的雲端硬碟\氣機導引\電子報新版網頁\各期電子報\202408\2408-4導引按蹻.docx","202408","review","unsupported-legacy-structure",,,,,,,"System.Object[]"
"G:\我的雲端硬碟\氣機導引\電子報新版網頁\各期電子報\202408\2408-1編輯小語.docx","202408","review","unsupported-legacy-structure",,,,,,,"System.Object[]"
"G:\我的雲端硬碟\氣機導引\電子報新版網頁\各期電子報\202410\2410-2-1如是我聞之一.docx","202410","review","unsupported-legacy-structure",,,,,,,"System.Object[]"
"G:\我的雲端硬碟\氣機導引\電子報新版網頁\各期電子報\202410\2410-2-2如是我聞之二.docx","202410","review","unsupported-legacy-structure",,,,,,,"System.Object[]"
"G:\我的雲端硬碟\氣機導引\電子報新版網頁\各期電子報\202410\2410-2-3如是我聞之三.docx","202410","skipped","already-standard",,,,,,,
"G:\我的雲端硬碟\氣機導引\電子報新版網頁\各期電子報\202410\2410-3道德經第53章大道.docx","202410","review","unsupported-legacy-structure",,,,,,,"System.Object[]"
"G:\我的雲端硬碟\氣機導引\電子報新版網頁\各期電子報\202410\2410-4導引按蹻.docx","202410","review","unsupported-legacy-structure",,,,,,,"System.Object[]"
"G:\我的雲端硬碟\氣機導引\電子報新版網頁\各期電子報\202410\24010-5心田集.docx","202410","review","unsupported-legacy-structure",,,,,,,"System.Object[]"
"G:\我的雲端硬碟\氣機導引\電子報新版網頁\各期電子報\202410\2410-6股海人生.docx","202410","review","unsupported-legacy-structure",,,,,,,"System.Object[]"
"G:\我的雲端硬碟\氣機導引\電子報新版網頁\各期電子報\202410\2410-00目錄.docx","202410","review","unsupported-legacy-structure",,,,,,,"System.Object[]"
"G:\我的雲端硬碟\氣機導引\電子報新版網頁\各期電子報\202412\2412-7股海人生.docx","202412","review","unsupported-legacy-structure",,,,,,,"System.Object[]"
"G:\我的雲端硬碟\氣機導引\電子報新版網頁\各期電子報\202412\2412-2-1如是我聞.docx","202412","review","unsupported-legacy-structure",,,,,,,"System.Object[]"
"G:\我的雲端硬碟\氣機導引\電子報新版網頁\各期電子報\202412\2412-2-2如是我聞之二.docx","202412","review","unsupported-legacy-structure",,,,,,,"System.Object[]"
"G:\我的雲端硬碟\氣機導引\電子報新版網頁\各期電子報\202412\2412-6導引按蹻.docx","202412","review","unsupported-legacy-structure",,,,,,,"System.Object[]"
"G:\我的雲端硬碟\氣機導引\電子報新版網頁\各期電子報\202412\2412-00目錄.docx","202412","review","unsupported-legacy-structure",,,,,,,"System.Object[]"
"G:\我的雲端硬碟\氣機導引\電子報新版網頁\各期電子報\202412\2412-5含德章055.docx","202412","review","unsupported-legacy-structure",,,,,,,"System.Object[]"
"G:\我的雲端硬碟\氣機導引\電子報新版網頁\各期電子報\202412\2412-4讀書會.docx","202412","review","unsupported-legacy-structure",,,,,,,"System.Object[]"
"G:\我的雲端硬碟\氣機導引\電子報新版網頁\各期電子報\202412\2412-3記沉香花梨會.docx","202412","review","unsupported-legacy-structure",,,,,,,"System.Object[]"
"G:\我的雲端硬碟\氣機導引\電子報新版網頁\各期電子報\202412\2412-1編輯小語.docx","202412","review","unsupported-legacy-structure",,,,,,,"System.Object[]"
"G:\我的雲端硬碟\氣機導引\電子報新版網頁\各期電子報\202501\2501_2-5_六早班一分鐘.docx","202501","review","unsupported-legacy-structure",,,,,,,"System.Object[]"
"G:\我的雲端硬碟\氣機導引\電子報新版網頁\各期電子報\202501\2501_2-2_四午班年終一分鐘.docx","202501","review","unsupported-legacy-structure",,,,,,,"System.Object[]"
"G:\我的雲端硬碟\氣機導引\電子報新版網頁\各期電子報\202501\2501_2-9_一分鐘錄音_二早班.docx","202501","review","unsupported-legacy-structure",,,,,,,"System.Object[]"
"G:\我的雲端硬碟\氣機導引\電子報新版網頁\各期電子報\202501\2501_2-7_日早班.docx","202501","review","unsupported-legacy-structure",,,,,,,"System.Object[]"
"G:\我的雲端硬碟\氣機導引\電子報新版網頁\各期電子報\202501\2501_2-8_一晚.docx","202501","review","unsupported-legacy-structure",,,,,,,"System.Object[]"
"G:\我的雲端硬碟\氣機導引\電子報新版網頁\各期電子報\202501\2501_2-3_四晚班.docx","202501","review","unsupported-legacy-structure",,,,,,,"System.Object[]"
"G:\我的雲端硬碟\氣機導引\電子報新版網頁\各期電子報\202501\2501_2-4_五晚.docx","202501","review","unsupported-legacy-structure",,,,,,,"System.Object[]"
"G:\我的雲端硬碟\氣機導引\電子報新版網頁\各期電子報\202501\2501_1-1覺能降臨集體成佛—編輯小語.docx","202501","review","unsupported-legacy-structure",,,,,,,"System.Object[]"
"G:\我的雲端硬碟\氣機導引\電子報新版網頁\各期電子報\202501\2501_2-6_台中班.docx","202501","review","unsupported-legacy-structure",,,,,,,"System.Object[]"
"G:\我的雲端硬碟\氣機導引\電子報新版網頁\各期電子報\202501\2501_00目錄..docx","202501","review","unsupported-legacy-structure",,,,,,,"System.Object[]"
"G:\我的雲端硬碟\氣機導引\電子報新版網頁\各期電子報\202502\2502-3-1_如是我聞_成佛是一切在心 .docx","202502","review","unsupported-legacy-structure",,,,,,,"System.Object[]"
"G:\我的雲端硬碟\氣機導引\電子報新版網頁\各期電子報\202502\2502-3-3_如是我聞_信的是生命中的一把寶劍.docx","202502","review","unsupported-legacy-structure",,,,,,,"System.Object[]"
"G:\我的雲端硬碟\氣機導引\電子報新版網頁\各期電子報\202502\2502-2特別報導_南台灣的全覺能基地.docx","202502","review","unsupported-legacy-structure",,,,,,,"System.Object[]"
"G:\我的雲端硬碟\氣機導引\電子報新版網頁\各期電子報\202502\2502-1_編輯小語.docx","202502","review","unsupported-legacy-structure",,,,,,,"System.Object[]"
"G:\我的雲端硬碟\氣機導引\電子報新版網頁\各期電子報\202502\2502-3-2_如是我聞_覺性之路   拉出新維度.docx","202502","review","unsupported-legacy-structure",,,,,,,"System.Object[]"
"G:\我的雲端硬碟\氣機導引\電子報新版網頁\各期電子報\202502\2502-4-1_體證道德經_第56章道貴.docx","202502","review","unsupported-legacy-structure",,,,,,,"System.Object[]"
"G:\我的雲端硬碟\氣機導引\電子報新版網頁\各期電子報\202502\2502-4-2_圖靈集.docx","202502","review","unsupported-legacy-structure",,,,,,,"System.Object[]"
"G:\我的雲端硬碟\氣機導引\電子報新版網頁\各期電子報\202502\2502-00_目錄.docx","202502","review","unsupported-legacy-structure",,,,,,,"System.Object[]"
"G:\我的雲端硬碟\氣機導引\電子報新版網頁\各期電子報\202503\2503-00目錄.docx","202503","review","unsupported-legacy-structure",,,,,,,"System.Object[]"
"G:\我的雲端硬碟\氣機導引\電子報新版網頁\各期電子報\202503\2503-2-1如是我聞之一.docx","202503","skipped","already-standard",,,,,,,
"G:\我的雲端硬碟\氣機導引\電子報新版網頁\各期電子報\202503\2503-2-2如是我聞之二.docx","202503","skipped","already-standard",,,,,,,
"G:\我的雲端硬碟\氣機導引\電子報新版網頁\各期電子報\202503\2503-2-3如是我聞之三.docx","202503","skipped","already-standard",,,,,,,
"G:\我的雲端硬碟\氣機導引\電子報新版網頁\各期電子報\202503\2503-3道德經第57章.docx","202503","review","unsupported-legacy-structure",,,,,,,"System.Object[]"
"G:\我的雲端硬碟\氣機導引\電子報新版網頁\各期電子報\202503\2503-5心田集.docx","202503","review","unsupported-legacy-structure",,,,,,,"System.Object[]"
"G:\我的雲端硬碟\氣機導引\電子報新版網頁\各期電子報\202503\2503-1編輯小語.docx","202503","review","unsupported-legacy-structure",,,,,,,"System.Object[]"
"G:\我的雲端硬碟\氣機導引\電子報新版網頁\各期電子報\202504\2504-2-1如是我聞.docx","202504","skipped","already-standard",,,,,,,
"G:\我的雲端硬碟\氣機導引\電子報新版網頁\各期電子報\202504\2504-2-2如是我聞.docx","202504","skipped","already-standard",,,,,,,
"G:\我的雲端硬碟\氣機導引\電子報新版網頁\各期電子報\202504\2504-2-3如是我聞.docx","202504","skipped","already-standard",,,,,,,
"G:\我的雲端硬碟\氣機導引\電子報新版網頁\各期電子報\202504\2504-2-4如是我聞.docx","202504","skipped","already-standard",,,,,,,
"G:\我的雲端硬碟\氣機導引\電子報新版網頁\各期電子報\202504\2504-3體證道德經58章.docx","202504","review","unsupported-legacy-structure",,,,,,,"System.Object[]"
"G:\我的雲端硬碟\氣機導引\電子報新版網頁\各期電子報\202504\2504-4導引按蹻.docx","202504","review","unsupported-legacy-structure",,,,,,,"System.Object[]"
"G:\我的雲端硬碟\氣機導引\電子報新版網頁\各期電子報\202504\2504-6山腳下的蘆葦.docx","202504","review","unsupported-legacy-structure",,,,,,,"System.Object[]"
"G:\我的雲端硬碟\氣機導引\電子報新版網頁\各期電子報\202504\2504-5圖靈集.docx","202504","review","unsupported-legacy-structure",,,,,,,"System.Object[]"
"G:\我的雲端硬碟\氣機導引\電子報新版網頁\各期電子報\202504\2504-00目錄.docx","202504","review","unsupported-legacy-structure",,,,,,,"System.Object[]"
"G:\我的雲端硬碟\氣機導引\電子報新版網頁\各期電子報\202504\2504-1編輯小語.docx","202504","review","unsupported-legacy-structure",,,,,,,"System.Object[]"
"G:\我的雲端硬碟\氣機導引\電子報新版網頁\各期電子報\202505\2505-00目錄.docx","202505","review","unsupported-legacy-structure",,,,,,,"System.Object[]"
"G:\我的雲端硬碟\氣機導引\電子報新版網頁\各期電子報\202505\2505-2屏東會館.docx","202505","review","unsupported-legacy-structure",,,,,,,"System.Object[]"
"G:\我的雲端硬碟\氣機導引\電子報新版網頁\各期電子報\202505\2505-3-1如是我聞一.docx","202505","skipped","already-standard",,,,,,,
"G:\我的雲端硬碟\氣機導引\電子報新版網頁\各期電子報\202505\2505-3-2如是我聞二.docx","202505","skipped","already-standard",,,,,,,
"G:\我的雲端硬碟\氣機導引\電子報新版網頁\各期電子報\202505\2505-3-3如是我聞三.docx","202505","skipped","already-standard",,,,,,,
"G:\我的雲端硬碟\氣機導引\電子報新版網頁\各期電子報\202505\2505-4體證道德經.docx","202505","review","unsupported-legacy-structure",,,,,,,"System.Object[]"
"G:\我的雲端硬碟\氣機導引\電子報新版網頁\各期電子報\202505\2505-5導引按蹻.docx","202505","review","unsupported-legacy-structure",,,,,,,"System.Object[]"
"G:\我的雲端硬碟\氣機導引\電子報新版網頁\各期電子報\202505\2505-6心田集.docx","202505","review","unsupported-legacy-structure",,,,,,,"System.Object[]"
"G:\我的雲端硬碟\氣機導引\電子報新版網頁\各期電子報\202505\2505-3-4如是我聞四.docx","202505","skipped","already-standard",,,,,,,
"G:\我的雲端硬碟\氣機導引\電子報新版網頁\各期電子報\202505\2505-1編輯小語.docx","202505","review","unsupported-legacy-structure",,,,,,,"System.Object[]"
"G:\我的雲端硬碟\氣機導引\電子報新版網頁\各期電子報\202506\2506-00目錄.docx","202506","review","unsupported-legacy-structure",,,,,,,"System.Object[]"
"G:\我的雲端硬碟\氣機導引\電子報新版網頁\各期電子報\202506\2506-2-1如是我聞之一.docx","202506","skipped","already-standard",,,,,,,
"G:\我的雲端硬碟\氣機導引\電子報新版網頁\各期電子報\202506\2506-2-2如是我聞之二.docx","202506","review","unsupported-legacy-structure",,,,,,,"System.Object[]"
"G:\我的雲端硬碟\氣機導引\電子報新版網頁\各期電子報\202506\2506-2-3如是我聞之三.docx","202506","skipped","already-standard",,,,,,,
"G:\我的雲端硬碟\氣機導引\電子報新版網頁\各期電子報\202506\2506-2-4如是我聞之四.docx","202506","skipped","already-standard",,,,,,,
"G:\我的雲端硬碟\氣機導引\電子報新版網頁\各期電子報\202506\2506-3體證道德經.docx","202506","review","unsupported-legacy-structure",,,,,,,"System.Object[]"
"G:\我的雲端硬碟\氣機導引\電子報新版網頁\各期電子報\202506\2506-4圖靈集.docx","202506","review","unsupported-legacy-structure",,,,,,,"System.Object[]"
"G:\我的雲端硬碟\氣機導引\電子報新版網頁\各期電子報\202506\2506-1編輯小語.docx","202506","review","unsupported-legacy-structure",,,,,,,"System.Object[]"
"G:\我的雲端硬碟\氣機導引\電子報新版網頁\各期電子報\202507\2507-00目錄.docx","202507","review","unsupported-legacy-structure",,,,,,,"System.Object[]"
"G:\我的雲端硬碟\氣機導引\電子報新版網頁\各期電子報\202507\2507-2-1如是我聞之一.docx","202507","skipped","already-standard",,,,,,,
"G:\我的雲端硬碟\氣機導引\電子報新版網頁\各期電子報\202507\2507-2-2如是我聞之二.docx","202507","skipped","already-standard",,,,,,,
"G:\我的雲端硬碟\氣機導引\電子報新版網頁\各期電子報\202507\2507-2-3如是我聞之三.docx","202507","skipped","already-standard",,,,,,,
"G:\我的雲端硬碟\氣機導引\電子報新版網頁\各期電子報\202507\2507-2-4如是我聞之四.docx","202507","skipped","already-standard",,,,,,,
"G:\我的雲端硬碟\氣機導引\電子報新版網頁\各期電子報\202507\2507-2-5如是我聞之五.docx","202507","skipped","already-standard",,,,,,,
"G:\我的雲端硬碟\氣機導引\電子報新版網頁\各期電子報\202507\2507-3體證道德經第61.docx","202507","review","unsupported-legacy-structure",,,,,,,"System.Object[]"
"G:\我的雲端硬碟\氣機導引\電子報新版網頁\各期電子報\202507\2507-4導引按蹻.docx","202507","review","unsupported-legacy-structure",,,,,,,"System.Object[]"
"G:\我的雲端硬碟\氣機導引\電子報新版網頁\各期電子報\202507\2507-1編輯小語.docx","202507","review","unsupported-legacy-structure",,,,,,,"System.Object[]"
"G:\我的雲端硬碟\氣機導引\電子報新版網頁\各期電子報\202507\2507-1-2新書推薦.docx","202507","review","unsupported-legacy-structure",,,,,,,"System.Object[]"
"G:\我的雲端硬碟\氣機導引\電子報新版網頁\各期電子報\202507\2507-1-3新書推薦.docx","202507","review","unsupported-legacy-structure",,,,,,,"System.Object[]"
"G:\我的雲端硬碟\氣機導引\電子報新版網頁\各期電子報\202508\2508-4圖靈集.docx","202508","review","unsupported-legacy-structure",,,,,,,"System.Object[]"
"G:\我的雲端硬碟\氣機導引\電子報新版網頁\各期電子報\202508\2508-3體證道德經《第62章》道奧.docx","202508","review","unsupported-legacy-structure",,,,,,,"System.Object[]"
"G:\我的雲端硬碟\氣機導引\電子報新版網頁\各期電子報\202508\2508-1編輯小語.docx","202508","review","unsupported-legacy-structure",,,,,,,"System.Object[]"
"G:\我的雲端硬碟\氣機導引\電子報新版網頁\各期電子報\202508\2508-00目錄.docx","202508","review","unsupported-legacy-structure",,,,,,,"System.Object[]"
"G:\我的雲端硬碟\氣機導引\電子報新版網頁\各期電子報\202508\2508-2-4如是我聞之四.docx","202508","skipped","already-standard",,,,,,,
"G:\我的雲端硬碟\氣機導引\電子報新版網頁\各期電子報\202508\2508-5山腳下的蘆葦.docx","202508","review","unsupported-legacy-structure",,,,,,,"System.Object[]"
"G:\我的雲端硬碟\氣機導引\電子報新版網頁\各期電子報\202508\2508-2-3如是我聞之三.docx","202508","skipped","already-standard",,,,,,,
"G:\我的雲端硬碟\氣機導引\電子報新版網頁\各期電子報\202508\2508-2-2如是我聞之二.docx","202508","skipped","already-standard",,,,,,,
"G:\我的雲端硬碟\氣機導引\電子報新版網頁\各期電子報\202508\2508-2-1如是我聞之一.docx","202508","skipped","already-standard",,,,,,,
"G:\我的雲端硬碟\氣機導引\電子報新版網頁\各期電子報\202605\2605-00目錄.docx","202605","review","unsupported-legacy-structure",,,,,,,"System.Object[]"
"G:\我的雲端硬碟\氣機導引\電子報新版網頁\各期電子報\202605\2605-1編輯小語.docx","202605","review","unsupported-legacy-structure",,,,,,,"System.Object[]"
"G:\我的雲端硬碟\氣機導引\電子報新版網頁\各期電子報\202605\2605-2同頻共振.docx","202605","review","unsupported-legacy-structure",,,,,,,"System.Object[]"
"G:\我的雲端硬碟\氣機導引\電子報新版網頁\各期電子報\202605\2605-3-1如是我聞之一.docx","202605","review","unsupported-legacy-structure",,,,,,,"System.Object[]"
"G:\我的雲端硬碟\氣機導引\電子報新版網頁\各期電子報\202605\2605-3-2如是我聞之二.docx","202605","review","unsupported-legacy-structure",,,,,,,"System.Object[]"
"G:\我的雲端硬碟\氣機導引\電子報新版網頁\各期電子報\202605\2605-3-3如是我聞之三.docx","202605","review","unsupported-legacy-structure",,,,,,,"System.Object[]"
"G:\我的雲端硬碟\氣機導引\電子報新版網頁\各期電子報\202605\2605-3-4如是我聞之四.docx","202605","review","unsupported-legacy-structure",,,,,,,"System.Object[]"
"G:\我的雲端硬碟\氣機導引\電子報新版網頁\各期電子報\202605\2605-3-5如是我聞之五.docx","202605","review","unsupported-legacy-structure",,,,,,,"System.Object[]"
"G:\我的雲端硬碟\氣機導引\電子報新版網頁\各期電子報\202605\2605-3-6如是我聞之六.docx","202605","review","unsupported-legacy-structure",,,,,,,"System.Object[]"
"G:\我的雲端硬碟\氣機導引\電子報新版網頁\各期電子報\202605\2605-3-7如是我聞之七.docx","202605","review","unsupported-legacy-structure",,,,,,,"System.Object[]"
"G:\我的雲端硬碟\氣機導引\電子報新版網頁\各期電子報\202605\2605-4體證道德經.docx","202605","review","unsupported-legacy-structure",,,,,,,"System.Object[]"
